CourseTitle,Description,Availability,Cost,Date
C# Basics,This is a course for professionals ,On demand,$25/mo,2021-06-15T04:44:38.223Z
Java Basics,This is a course for professionals ,On demand,$25/mo,2021-06-15T04:44:21.547Z
Mindfulness for Wellbeing and Peak Performance,This is a course for professionals ,Upcoming,Free,2021-06-15T04:44:21.702Z
Introduction to Probability - The Science of Uncertainty,This is a course for professionals ,On demand,Free,2021-06-15T04:44:31.332Z
Existential Well-being Counseling: A Person-centered Experiential Approach,This is a course for professionals ,On demand,Free,2021-06-15T04:44:12.533Z
sec.edu - Security Engineering - Applied Cyber Security,This is a course for professionals ,On demand,Free,2021-06-15T04:44:16.038Z
Foundations of Computer Science for Teachers,This is a course for professionals ,On demand,Free,2021-06-14T17:57:02.240Z
The Ancient Greek Hero in 24 Hours,This is a course for professionals ,On demand,Free,2021-06-14T17:55:17.612Z
The Science of Gastronomy,This is a course for professionals ,Upcoming,Free,2021-06-14T17:55:18.577Z
Chinese Thought: Ancient Wisdom Meets Modern Science - Part 2,This is a course for professionals ,Upcoming,Free,2021-06-14T17:56:51.948Z
4G Network Essentials,This is a course for professionals ,On demand,Free,2021-06-14T17:55:18.393Z
Computation Structures - Part 1: Digital Circuits,This is a course for professionals ,On demand,Free,2021-06-14T17:55:18.478Z
Ecodesign for Cities and Suburbs,This is a course for professionals ,In Session,Free,2021-06-14T14:24:48.367Z
Build a Modern Computer from First Principles: From Nand to Tetris (Project-Centered Course),This is a course for professionals ,Upcoming,Free,2021-06-14T14:24:45.734Z
Reconciliation Through Indigenous Education,This is a course for professionals ,Upcoming,Free,2021-06-14T14:24:45.429Z
Lessons from Ebola: Preventing the Next Pandemic,This is a course for professionals ,On demand,Free,2021-06-14T14:24:44.499Z
Quantum Mechanics for Everyone,This is a course for professionals ,In Session,Free,2021-06-14T14:24:44.209Z
Justice,This is a course for professionals ,In Session,Free,2021-06-14T14:24:43.264Z
"Bioethics: The Law, Medicine, and Ethics of Reproductive Technologies and Genetics",This is a course for professionals ,In Session,Free,2021-06-14T14:24:44.189Z
Communicating Corporate Social Responsibility (CSR),This is a course for professionals ,On demand,Free,2021-06-14T14:24:43.264Z
Astrophysics: The Violent Universe,This is a course for professionals ,In Session,Free,2021-06-14T14:22:13.094Z
Humanity and Nature in Chinese Thought | 中国哲学思想中的人类与自然观,This is a course for professionals ,On demand,Free,2021-06-14T14:22:11.789Z
"Introduction to Philosophy: God, Knowledge and Consciousness",This is a course for professionals ,On demand,Free,2021-06-14T14:22:10.909Z
Hubungan Etnik (Taylor's University),This is a course for professionals ,On demand,Free,2021-06-14T14:22:10.369Z
United States Health Policy,This is a course for professionals ,On demand,Free,2021-06-14T14:20:45.141Z
Greatest Unsolved Mysteries of the Universe,This is a course for professionals ,In Session,Free,2021-06-14T14:20:43.944Z
Calculus 1A: Differentiation,This is a course for professionals ,On demand,Free,2021-06-14T13:44:09.897Z
Philosophy: Minds and Machines,This is a course for professionals ,On demand,Free,2021-06-14T13:44:07.487Z
Business Communications,This is a course for professionals ,Upcoming,Free,2021-06-14T13:44:05.392Z
Mechanics: Kinematics and Dynamics,This is a course for professionals ,In Session,Free,2021-06-14T13:44:03.962Z
Energy Within Environmental Constraints,This is a course for professionals ,On demand,Free,2021-06-14T13:44:01.242Z
Supply Chain Management: A Decision-Making Framework,This is a course for professionals ,Upcoming,Free,2021-06-14T13:43:56.826Z
Cyber Security Basics: A Hands-on Approach,This is a course for professionals ,On demand,Free,2021-06-14T13:43:59.076Z
Positive Behavior Support for Young Children,This is a course for professionals ,On demand,Free,2021-06-14T13:43:59.522Z
Machine Learning for Data Science,This is a course for professionals ,Upcoming,Free,2021-06-14T13:44:00.867Z
Introduction to Biology - The Secret of Life,This is a course for professionals ,In Session,Free,2021-06-14T13:43:44.224Z
Management Accounting for Decision Making,This is a course for professionals ,On demand,Free,2021-06-14T13:43:42.794Z
Circuits and Electronics 1: Basic Circuit Analysis,This is a course for professionals ,In Session,Free,2021-06-14T13:43:40.572Z
Readings in Global Health,This is a course for professionals ,On demand,Free,2021-06-14T13:43:31.168Z
Principles of Biochemistry,This is a course for professionals ,In Session,Free,2021-06-14T13:43:35.589Z
Stand up for Science: Practical Approaches to Discussing Science that Matters,This is a course for professionals ,On demand,Free,2021-06-14T13:43:36.597Z
Linear Algebra - Foundations to Frontiers,This is a course for professionals ,On demand,Free,2021-06-14T13:43:36.597Z
Foundations of Data Analysis - Part 1: Statistics Using R,This is a course for professionals ,On demand,Free,2021-06-14T13:43:37.712Z
Communication Acoustics,This is a course for professionals ,On demand,Free,2021-06-14T13:43:38.032Z
Python Data Science Toolbox (Part 2),This is a course for professionals ,On demand,$29/mo,2021-06-14T13:43:38.337Z
Introductory AP® Microeconomics,This is a course for professionals ,In Session,Free,2021-06-14T13:43:40.117Z
Sustainable Urban Development,This is a course for professionals ,In Session,Free,2021-06-14T13:41:35.684Z
Introduction to DevOps: Transforming and Improving Operations,This is a course for professionals ,In Session,Free,2021-06-14T13:41:33.374Z
Space Mission Design and Operations,This is a course for professionals ,On demand,Free,2021-06-14T13:41:25.724Z
Data Structures and Software Design,This is a course for professionals ,In Session,Free,2021-06-14T13:41:24.049Z
C# Basics,This is a course for professionals ,On demand,$25/mo,2021-06-14T13:41:21.729Z
Java Basics,This is a course for professionals ,On demand,$25/mo,2021-06-14T13:41:17.246Z
Mindfulness for Wellbeing and Peak Performance,This is a course for professionals ,Upcoming,Free,2021-06-14T13:41:19.175Z
Introduction to Probability - The Science of Uncertainty,This is a course for professionals ,On demand,Free,2021-06-14T13:41:20.469Z
Existential Well-being Counseling: A Person-centered Experiential Approach,This is a course for professionals ,On demand,Free,2021-06-14T13:41:21.629Z
sec.edu - Security Engineering - Applied Cyber Security,This is a course for professionals ,On demand,Free,2021-06-14T13:41:02.996Z
Foundations of Computer Science for Teachers,This is a course for professionals ,On demand,Free,2021-06-14T13:41:01.031Z
The Ancient Greek Hero in 24 Hours,This is a course for professionals ,On demand,Free,2021-06-14T13:40:59.169Z
The Science of Gastronomy,This is a course for professionals ,Upcoming,Free,2021-06-14T13:40:49.459Z
Chinese Thought: Ancient Wisdom Meets Modern Science - Part 2,This is a course for professionals ,Upcoming,Free,2021-06-14T13:40:53.694Z
4G Network Essentials,This is a course for professionals ,On demand,Free,2021-06-14T13:40:54.624Z
Computation Structures - Part 1: Digital Circuits,This is a course for professionals ,On demand,Free,2021-06-14T13:40:54.624Z
Ecodesign for Cities and Suburbs,This is a course for professionals ,In Session,Free,2021-06-14T13:40:56.214Z
Build a Modern Computer from First Principles: From Nand to Tetris (Project-Centered Course),This is a course for professionals ,Upcoming,Free,2021-06-14T13:40:57.014Z
Reconciliation Through Indigenous Education,This is a course for professionals ,Upcoming,Free,2021-06-14T13:40:57.334Z
Lessons from Ebola: Preventing the Next Pandemic,This is a course for professionals ,On demand,Free,2021-06-14T13:40:58.804Z
Quantum Mechanics for Everyone,This is a course for professionals ,In Session,Free,2021-06-14T13:35:30.034Z
Justice,This is a course for professionals ,In Session,Free,2021-06-14T13:25:14.425Z
"Bioethics: The Law, Medicine, and Ethics of Reproductive Technologies and Genetics",This is a course for professionals ,In Session,Free,2021-06-14T13:25:19.217Z
Communicating Corporate Social Responsibility (CSR),This is a course for professionals ,On demand,Free,2021-06-14T13:25:20.136Z
Astrophysics: The Violent Universe,This is a course for professionals ,In Session,Free,2021-06-14T13:25:35.372Z
Humanity and Nature in Chinese Thought | 中国哲学思想中的人类与自然观,This is a course for professionals ,On demand,Free,2021-06-14T13:25:36.033Z
"Introduction to Philosophy: God, Knowledge and Consciousness",This is a course for professionals ,On demand,Free,2021-06-14T13:34:21.956Z
Hubungan Etnik (Taylor's University),This is a course for professionals ,On demand,Free,2021-06-14T13:24:13.479Z
United States Health Policy,This is a course for professionals ,On demand,Free,2021-06-14T13:24:22.109Z
Greatest Unsolved Mysteries of the Universe,This is a course for professionals ,In Session,Free,2021-06-14T13:30:33.050Z
Calculus 1A: Differentiation,This is a course for professionals ,On demand,Free,2021-06-14T13:30:30.039Z
Philosophy: Minds and Machines,This is a course for professionals ,On demand,Free,2021-06-14T13:30:24.357Z
Business Communications,This is a course for professionals ,Upcoming,Free,2021-06-14T13:30:22.802Z
Mechanics: Kinematics and Dynamics,This is a course for professionals ,In Session,Free,2021-06-14T13:30:21.205Z
Energy Within Environmental Constraints,This is a course for professionals ,On demand,Free,2021-06-14T13:30:15.997Z
Supply Chain Management: A Decision-Making Framework,This is a course for professionals ,Upcoming,Free,2021-06-14T13:30:17.903Z
Cyber Security Basics: A Hands-on Approach,This is a course for professionals ,On demand,Free,2021-06-14T13:30:18.335Z
Positive Behavior Support for Young Children,This is a course for professionals ,On demand,Free,2021-06-14T13:30:18.335Z
Machine Learning for Data Science,This is a course for professionals ,Upcoming,Free,2021-06-14T13:30:20.845Z
Introduction to Biology - The Secret of Life,This is a course for professionals ,In Session,Free,2021-06-14T13:29:54.336Z
Management Accounting for Decision Making,This is a course for professionals ,On demand,Free,2021-06-14T13:29:52.651Z
Circuits and Electronics 1: Basic Circuit Analysis,This is a course for professionals ,In Session,Free,2021-06-14T13:29:50.058Z
Readings in Global Health,This is a course for professionals ,On demand,Free,2021-06-14T13:29:41.280Z
Principles of Biochemistry,This is a course for professionals ,In Session,Free,2021-06-14T13:29:47.740Z
Stand up for Science: Practical Approaches to Discussing Science that Matters,This is a course for professionals ,On demand,Free,2021-06-14T13:29:47.983Z
Linear Algebra - Foundations to Frontiers,This is a course for professionals ,On demand,Free,2021-06-14T13:29:47.983Z
Foundations of Data Analysis - Part 1: Statistics Using R,This is a course for professionals ,On demand,Free,2021-06-14T13:29:47.993Z
Communication Acoustics,This is a course for professionals ,On demand,Free,2021-06-14T13:29:47.993Z
Python Data Science Toolbox (Part 2),This is a course for professionals ,On demand,$29/mo,2021-06-14T13:29:49.138Z
Introductory AP® Microeconomics,This is a course for professionals ,In Session,Free,2021-06-14T13:29:49.138Z
Sustainable Urban Development,This is a course for professionals ,In Session,Free,2021-06-14T13:29:49.158Z
Introduction to DevOps: Transforming and Improving Operations,This is a course for professionals ,In Session,Free,2021-06-14T13:29:49.158Z
Space Mission Design and Operations,This is a course for professionals ,On demand,Free,2021-06-14T13:29:49.261Z
Data Structures and Software Design,This is a course for professionals ,In Session,Free,2021-06-14T13:29:49.963Z
American Government,This is a course for professionals ,In Session,Free,2021-06-14T13:29:49.963Z
PH556X: Practical Improvement Science in Health Care: A Roadmap for Getting Results,This is a course for professionals ,On demand,Free,2021-06-14T13:29:50.058Z
A History of Violence: From Middle Ages to Modern Times,This is a course for professionals ,Upcoming,Free,2021-06-14T13:29:21.241Z
Computer Networking - Local Area Networks and the OSI Model,This is a course for professionals ,On demand,Free,2021-06-14T13:29:20.101Z
International Humanitarian Law,This is a course for professionals ,Upcoming,Free,2021-06-14T13:28:17.824Z
Improving Global Health: Focusing on Quality and Safety,This is a course for professionals ,On demand,Free,2021-06-14T13:28:16.744Z
HTML5 Coding Essentials and Best Practices,This is a course for professionals ,In Session,Free,2021-06-14T13:28:12.640Z
"Introduction to Mechanics, Part 1",This is a course for professionals ,Upcoming,Free,2021-06-14T13:28:12.090Z
Python for Data Science,This is a course for professionals ,In Session,Free,2021-06-14T13:25:14.143Z
Shakespeare: On the Page and in Performance,This is a course for professionals ,On demand,Free,2021-06-14T13:25:12.222Z
"Question Reality! Science, philosophy, and the search for meaning",This is a course for professionals ,On demand,Free,2021-06-14T13:25:12.222Z
Paradigms of Computer Programming – Fundamentals,This is a course for professionals ,Upcoming,Free,2021-06-14T13:25:14.143Z
Introduction to Public Speaking,This is a course for professionals ,On demand,Free,2021-06-14T13:25:10.777Z
Underactuated Robotics,This is a course for professionals ,On demand,Free,2021-06-14T13:25:08.836Z
Introduction to Data Analysis using Excel,This is a course for professionals ,Upcoming,Free,2021-06-14T13:24:22.654Z
Introduction to Bootstrap – A Tutorial,This is a course for professionals ,Upcoming,Free,2021-06-14T13:24:22.384Z
Basic Spanish 1: Getting Started,This is a course for professionals ,In Session,Free,2021-06-14T13:16:41.775Z
Learn to Program Using Python,This is a course for professionals ,On demand,Free,2021-06-14T13:16:38.979Z
Foundations of Development Policy: Advanced Development Economics,This is a course for professionals ,Upcoming,Free,2021-06-14T13:16:38.679Z
Industry 4.0: How to Revolutionize your Business,This is a course for professionals ,Upcoming,Free,2021-06-14T13:16:37.604Z
Introduction to Marketing: Tools to Set Enterprises Apart,This is a course for professionals ,Upcoming,Free,2021-06-14T13:16:37.319Z
Science & Cooking: From Haute Cuisine to Soft Matter Science (part 2),This is a course for professionals ,In Session,Free,2021-06-14T13:16:36.013Z
Portfolio Management & Governance,This is a course for professionals ,In Session,Free,2021-06-14T13:16:37.079Z
Contract Law: From Trust to Promise to Contract,This is a course for professionals ,In Session,Free,2021-06-14T13:16:36.013Z
The Computing Technology Inside Your Smartphone,This is a course for professionals ,On demand,Free,2021-06-14T13:14:43.568Z
Introduction to the Electrical Trade,This is a course for professionals ,On demand,Free,2021-06-14T13:14:41.898Z
Accounting for Decision-Making,This is a course for professionals ,In Session,Free,2021-06-14T13:14:16.684Z
Introduction to Marketing,This is a course for professionals ,Upcoming,Free,2021-06-14T13:14:15.135Z
Get Beyond Work-Life Balance (Inclusive Leadership Training),This is a course for professionals ,In Session,Free,2021-06-14T12:58:06.898Z
Forensic Engineering: Learning from Failures,This is a course for professionals ,Upcoming,Free,2021-06-14T12:45:51.126Z
Data Science: R Basics,This is a course for professionals ,Upcoming,Free,2021-06-14T12:45:55.666Z
"Programming Languages, Part C",This is a course for professionals ,Upcoming,Free,2021-06-14T12:46:48.134Z
Health Literacy and Communication for Health Professionals,This is a course for professionals ,Upcoming,Free,2021-06-14T12:46:49.043Z
Sharpened Visions: A Poetry Workshop,This is a course for professionals ,Upcoming,Free,2021-06-14T12:46:49.043Z
Grammar and Punctuation,This is a course for professionals ,Upcoming,Free,2021-06-14T12:46:49.053Z
Music as Biology: What We Like to Hear and Why,This is a course for professionals ,Upcoming,Free,2021-06-14T12:46:49.868Z
Mastering Jobs-to-be-Done Interviews,This is a course for professionals ,On demand,$300,2021-06-14T12:46:50.468Z
Supply Chain Fundamentals,This is a course for professionals ,Upcoming,Free,2021-06-14T12:46:53.233Z
Programming in Scratch,This is a course for professionals ,On demand,Free,2021-06-14T12:46:53.623Z
Launching Innovation in Schools,This is a course for professionals ,Upcoming,Free,2021-06-14T12:48:04.440Z
Paradigms of Computer Programming – Abstraction and Concurrency,This is a course for professionals ,Upcoming,Free,2021-06-14T12:48:04.707Z
Introduction to Managerial Economics,This is a course for professionals ,In Session,Free,2021-06-14T12:55:59.722Z
Urban Design for the Public Good: Dutch Urbanism,This is a course for professionals ,On demand,Free,2021-06-14T12:55:59.722Z
AP® Macroeconomics,This is a course for professionals ,In Session,Free,2021-06-14T12:55:59.727Z
Programming for Everybody (Python),This is a course for professionals ,On demand,Free,2021-06-14T12:55:59.727Z
Cell Biology: Mitochondria,This is a course for professionals ,On demand,Free,2021-06-14T12:55:59.727Z
Design: Creation of Artifacts in Society,This is a course for professionals ,Upcoming,Free,2021-06-14T12:55:59.727Z
Computer Science 101,This is a course for professionals ,TBA,Free,2021-06-14T12:55:59.727Z
Global History Lab,This is a course for professionals ,In Session,Free,2021-06-14T12:55:59.727Z
Introduction to Control System Design - A First Look,This is a course for professionals ,On demand,Free,2021-06-14T12:55:59.727Z
"Responsible Innovation: Ethics, Safety and Technology",This is a course for professionals ,On demand,Free,2021-06-14T12:55:59.727Z
The Opioid Crisis in America,This is a course for professionals ,In Session,Free,2021-06-14T12:55:59.727Z
Introduction to Linear Models and Matrix Algebra,This is a course for professionals ,In Session,Free,2021-06-14T12:55:59.727Z
AP® Spanish Language and Culture,This is a course for professionals ,On demand,Free,2021-06-14T12:55:59.732Z
Open Government,This is a course for professionals ,On demand,Free,2021-06-14T12:55:59.732Z
Introduction to Data Storage and Management Technologies,This is a course for professionals ,On demand,Free,2021-06-14T12:55:59.732Z
Policy Analysis Using Interrupted Time Series,This is a course for professionals ,In Session,Free,2021-06-14T12:55:59.732Z
Hacking PostgreSQL: Data Access Methods,This is a course for professionals ,Upcoming,Free,2021-06-14T12:55:59.732Z
Proteins: Biology's Workforce,This is a course for professionals ,In Session,Free,2021-06-14T12:55:59.732Z
Introduction to Data Wise: A Collaborative Process to Improve Learning & Teaching,This is a course for professionals ,In Session,Free,2021-06-14T12:55:59.732Z
Supply Chain Dynamics,This is a course for professionals ,Upcoming,Free,2021-06-14T12:55:59.732Z
A Hands-on Introduction to Engineering Simulations,This is a course for professionals ,In Session,Free,2021-06-14T12:55:59.807Z
China (Part 5): From a Global Empire under the Mongols to a Global Economy under the Ming Dynasty,This is a course for professionals ,On demand,Free,2021-06-14T12:55:59.812Z
Hong Kong Cinema through a Global Lens | 全球化下的香港电影,This is a course for professionals ,In Session,Free,2021-06-14T12:56:02.470Z
Leaders of Learning,This is a course for professionals ,In Session,Free,2021-06-14T12:56:51.802Z
CLEP® American Government Book + Online,This is a course for professionals ,On demand,$34.95,2021-06-14T12:56:58.226Z
Introduction to Algebra,This is a course for professionals ,In Session,Free,2021-06-14T12:56:58.691Z
Chinese Thought: Ancient Wisdom Meets Modern Science - Part 1,This is a course for professionals ,In Session,Free,2021-06-14T12:56:58.696Z
Principles of Electric Circuits | 电路原理,This is a course for professionals ,On demand,Free,2021-06-14T12:56:58.696Z
AP® Physics 2 -  Part 3: Optics and Modern Physics,This is a course for professionals ,On demand,Free,2021-06-14T12:56:58.696Z
Processing Big Data with Hadoop in Azure HDInsight,This is a course for professionals ,Upcoming,Free,2021-06-14T12:56:58.696Z
First Nights: Beethoven’s 9th Symphony and the 19th Century Orchestra,This is a course for professionals ,On demand,Free,2021-06-14T12:56:58.696Z
Foundations of Data Analysis - Part 2: Inferential Statistics,This is a course for professionals ,On demand,Free,2021-06-14T12:56:24.830Z
Entrepreneurial Land Redevelopment Approach: Land Readjustment,This is a course for professionals ,Upcoming,Free,2021-06-14T12:54:19.520Z
Accounting for Decision-Making,This is a course for professionals ,Upcoming,Free,2021-06-14T12:54:19.940Z
"Responsible Innovation: Ethics, Safety and Technology",This is a course for professionals ,Upcoming,Free,2021-06-14T12:56:18.515Z
Business Analytics for Data-Driven Decision Making,This is a course for professionals ,Upcoming,Free,2021-06-14T12:54:18.737Z
"Selling Ideas: How to Influence Others, and Get Your Message to Catch On",This is a course for professionals ,Upcoming,$199,2021-06-14T12:54:20.042Z
Leading With Effective Communication (Inclusive Leadership Training),This is a course for professionals ,In Session,Free,2021-06-14T12:51:30.461Z
"Proteins: Alignment, Analysis and Structure",This is a course for professionals ,Upcoming,Free,2021-06-14T12:51:29.216Z
Learn to Program: Crafting Quality Code,This is a course for professionals ,Upcoming,Free,2021-06-14T12:47:52.592Z
The Meaning of Rome: The Renaissance and Baroque City,This is a course for professionals ,On demand,Free,2021-06-14T12:47:22.591Z
Programming with Python for Data Science,This is a course for professionals ,Upcoming,Free,2021-06-14T12:47:07.958Z
Masterpieces of World Literature,This is a course for professionals ,In Session,Free,2021-06-14T12:47:07.958Z
China (Part 6): The Manchus and the Qing Dynasty,This is a course for professionals ,On demand,Free,2021-03-20T14:44:30.009Z
The Conscious Mind - A Philosophical Road Trip,This is a course for professionals ,On demand,Free,2021-03-20T14:44:30.009Z
Introduction to Business,This is a course for professionals ,On demand,$329,2021-03-20T14:44:30.094Z
Write Better Python,This is a course for professionals ,On demand,$25/mo,2021-03-20T14:44:30.214Z
Build a Simple Dynamic Site with Node.js,This is a course for professionals ,On demand,$25/mo,2021-03-20T14:42:46.244Z
Gulp Basics,This is a course for professionals ,On demand,$25/mo,2021-03-20T14:42:12.917Z
Git Basics,This is a course for professionals ,On demand,$25/mo,2021-03-20T14:42:13.687Z
Computational Probability and Inference,This is a course for professionals ,On demand,Free,2021-03-20T14:42:40.247Z
The Architectural Imagination,This is a course for professionals ,In Session,Free,2021-03-20T14:42:05.584Z
Policy Lessons from South Korea's Development,This is a course for professionals ,On demand,Free,2021-03-20T14:42:06.344Z
Introduction to Applied Biostatistics: Statistics for Medical Research,This is a course for professionals ,On demand,Free,2021-03-20T14:42:39.137Z
Introduction to Wines,This is a course for professionals ,On demand,Free,2021-03-20T14:42:33.254Z
Learn to Paint With Len Hend,This is a course for professionals ,On demand,Free,2021-03-20T14:41:58.049Z
Crowdfunding Academy,This is a course for professionals ,On demand,Free,2021-03-20T14:42:00.499Z
Astrophysics: Cosmology,This is a course for professionals ,On demand,Free,2021-03-20T14:42:25.452Z
Astrophysics: Exploring Exoplanets,This is a course for professionals ,In Session,Free,2021-03-20T14:41:48.841Z
Religion and Hip Hop Culture,This is a course for professionals ,On demand,Free,2021-03-20T14:41:52.116Z
Introduction to Computer Science,This is a course for professionals ,In Session,Free,2021-03-20T14:42:01.848Z
The Science of Happiness,This is a course for professionals ,In Session,Free,2021-03-20T14:41:28.001Z
Maths Essentials for MBA Success,This is a course for professionals ,In Session,Free,2021-03-20T14:41:28.961Z
Supply Chain Technology and Systems,This is a course for professionals ,In Session,Free,2021-03-20T14:41:17.006Z
Advanced Transport Phenomena,This is a course for professionals ,In Session,Free,2021-03-20T14:41:16.901Z
Corporate Financial Policy,This is a course for professionals ,In Session,Free,2021-06-14T11:58:50.185Z
Preparing for the AP Physics 1 Exam,This is a course for professionals ,In Session,Free,2021-06-14T11:57:04.188Z
Technology Innovation for Sustainable Development,This is a course for professionals ,In Session,Free,2021-06-14T11:57:05.240Z
How to Survive Your PhD,This is a course for professionals ,On demand,Free,2021-06-14T11:58:39.866Z
AP® Italian Language and Culture,This is a course for professionals ,In Session,Free,2021-06-14T11:57:04.929Z
"Proteins: Alignment, Analysis and Structure",This is a course for professionals ,In Session,Free,2021-06-14T11:57:04.989Z
Introduction to Music Theory,This is a course for professionals ,On demand,Free,2021-06-14T11:33:51.824Z
Entrepreneurial Opportunities,This is a course for professionals ,On demand,Free,2021-06-14T11:33:51.014Z
"Customs of the World: Using Cultural Intelligence to Adapt, Wherever You Are - DVD, digital video course",This is a course for professionals ,On demand,$254.95,2021-06-14T11:30:08.691Z
"How to Stay Fit as You Age - DVD, digital video course",This is a course for professionals ,On demand,$219.95,2021-06-14T11:29:59.436Z
Business Foundations,This is a course for professionals ,Upcoming,Free,2021-06-14T11:29:56.231Z
Design and Development of Educational Technology,This is a course for professionals ,On demand,Free,2021-06-14T11:29:55.476Z
Computer Science 101,This is a course for professionals ,On demand,Free,2021-06-14T11:29:51.650Z
Introduction to Family Engagement in Education,This is a course for professionals ,In Session,Free,2021-06-14T11:29:50.292Z
Supply Chain Analytics,This is a course for professionals ,In Session,Free,2021-06-14T11:28:57.199Z
Introduction to Aeronautical Engineering,This is a course for professionals ,In Session,Free,2021-06-14T11:28:55.253Z
China (Part 2): The Creation and End of Centralized Empire,This is a course for professionals ,On demand,Free,2021-06-14T11:28:52.745Z
How to Win Coding Competitions: Secrets of Champions,This is a course for professionals ,Upcoming,Free,2021-06-14T11:28:45.984Z
Shylock’s Bond,This is a course for professionals ,In Session,Free,2021-06-14T11:28:50.378Z
Introduction to Biomedical Imaging,This is a course for professionals ,In Session,Free,2021-06-14T11:28:51.125Z
Effective Use of Interactive Whiteboards,This is a course for professionals ,On demand,Free,2021-06-14T11:28:52.290Z
Statistics for Business – I,This is a course for professionals ,On demand,Free,2021-06-14T11:27:19.138Z
International Investment Law,This is a course for professionals ,Upcoming,Free,2021-06-14T11:27:17.126Z
Autonomous Navigation for Flying Robots,This is a course for professionals ,On demand,Free,2021-06-14T11:27:15.546Z
Embedded Systems - Shape The World,This is a course for professionals ,On demand,Free,2021-06-14T11:27:14.120Z
Circuits and Electronics 3: Applications,This is a course for professionals ,In Session,Free,2021-06-14T11:27:11.685Z
Cell Biology: Mitochondria,This is a course for professionals ,In Session,Free,2021-06-14T11:27:04.814Z
Fundamentals of Clinical Trials,This is a course for professionals ,On demand,Free,2021-06-14T11:27:09.185Z
First Nights: Handel’s Messiah and Baroque Oratorio,This is a course for professionals ,On demand,Free,2021-06-14T11:27:09.600Z
Master Control in Supply Chain Management and Logistics,This is a course for professionals ,On demand,Free,2021-06-14T11:27:11.290Z
Découvrir la science politique,This is a course for professionals ,In Session,Free,2021-06-14T11:22:35.951Z
Backend in Node.js,This is a course for professionals ,On demand,$500,2021-06-14T11:22:32.481Z
Academic and Business Writing,This is a course for professionals ,In Session,Free,2021-06-14T11:22:32.181Z
The Book: Book Sleuthing: What 19th-Century Books Can Tell Us About the Rise of the Reading Public?,This is a course for professionals ,On demand,Free,2021-06-14T11:22:31.256Z
Global Health Case Studies from a Biosocial Perspective,This is a course for professionals ,On demand,Free,2021-06-14T11:22:30.876Z
Fundamentals of Project Planning and Management,This is a course for professionals ,Upcoming,Free,2021-06-14T11:22:29.691Z
HTML5 and CSS Fundamentals,This is a course for professionals ,In Session,Free,2021-06-14T11:22:30.406Z
Dying2Learn,This is a course for professionals ,In Session,Free,2021-06-14T11:22:29.311Z
Minds and Machines,This is a course for professionals ,Upcoming,Free,2021-06-14T11:17:02.213Z
Web Development,This is a course for professionals ,On demand,Free,2021-06-14T11:17:02.083Z
